,RMSE,MAE,MAPE,sMAPE,MASE,wMAPE
ARIMA,3453.4512721257606,3254.2174852352036,16.976226728631012,18.801873124373405,1.1067919695988938e-15,16.35287085881945
ML-only,2069.822073443244,1444.8238736979172,6.759548934789912,6.782706569660774,4.913990746313141e-16,7.260429988935919
Hybrid,2234.603611076395,2119.662125060474,10.740181933152288,11.372848912523079,7.209183248888777e-16,10.651580956931477
